{"cameraMode":{"drawMode":0,"name":"Shaded","section":"Shading Mode"},"sceneLighting":true,"audioPlay":false,"sceneViewState":{"showFog":true,"showMaterialUpdate":false,"showSkybox":true,"showFlares":true,"showImageEffects":true,"showParticleSystems":true},"in2DMode":false,"pivot":{"x":9.86485481262207,"y":1.8177154064178467,"z":-94.2084732055664},"rotation":{"x":0.11089599877595902,"y":-0.648026168346405,"z":0.09616018831729889,"w":0.7473765015602112},"size":10.057267189025879,"orthographic":false}