{"cameraMode":{"drawMode":0,"name":"Shaded","section":"Shading Mode"},"sceneLighting":true,"audioPlay":false,"sceneViewState":{"showFog":false,"showMaterialUpdate":true,"showSkybox":true,"showFlares":true,"showImageEffects":true,"showParticleSystems":true},"in2DMode":false,"pivot":{"x":426.7540283203125,"y":-11.505073547363282,"z":701.8868408203125},"rotation":{"x":-0.013818660750985146,"y":-0.7225263714790344,"z":0.014195877127349377,"w":-0.6911351680755615},"size":534.8062133789063,"orthographic":false}