{"cameraMode":{"drawMode":0,"name":"Shaded","section":"Shading Mode"},"sceneLighting":true,"audioPlay":false,"sceneViewState":{"showFog":true,"showMaterialUpdate":true,"showSkybox":true,"showFlares":true,"showImageEffects":true,"showParticleSystems":true},"in2DMode":false,"pivot":{"x":10.871524810791016,"y":3.0033159255981447,"z":-78.43273162841797},"rotation":{"x":-0.09384380280971527,"y":0.3928031921386719,"z":-0.04030866548418999,"w":-0.9139619469642639},"size":34.333805084228519,"orthographic":false}