{"cameraMode":{"drawMode":0,"name":"Shaded","section":"Shading Mode"},"sceneLighting":true,"audioPlay":false,"sceneViewState":{"showFog":true,"showMaterialUpdate":false,"showSkybox":true,"showFlares":true,"showImageEffects":true,"showParticleSystems":true},"in2DMode":false,"pivot":{"x":616.8966674804688,"y":34.80731964111328,"z":859.6958618164063},"rotation":{"x":0.016447588801383973,"y":0.9044150114059448,"z":0.03500959277153015,"w":-0.42489662766456606},"size":1.1211050748825074,"orthographic":false}